model_name,Accuracy_test_source,Gen_Gap_pipeline_1,Gen_Gap_pipeline_2,Gen_Gap_pipeline_3,Gen_Gap_pipeline_4,Gen_Gap_pipeline_5,Gen_Gap_pipeline_6,Gen_Gap_pipeline_7,Gen_Gap_pipeline_8,Gen_Gap_pipeline_9,Gen_Gap_pipeline_10,Gen_Gap_pipeline_11,Gen_Gap_pipeline_12,Gen_Gap_pipeline_13,Gen_Gap_pipeline_14,Gen_Gap_pipeline_15,Gen_Gap_pipeline_16,Gen_Gap_pipeline_17,Gen_Gap_pipeline_18,Gen_Gap_pipeline_19,Gen_Gap_pipeline_20
model_1,85.48842668533325,6.126487255096436,10.756635665893556,8.046305179595947,8.413326740264893,4.827785491943359,10.050821304321287,8.385097980499268,8.80858302116394,6.1547160148620605,9.599101543426514,8.46979022026062,9.542632102966309,4.291361570358276,9.373235702514648,8.46979022026062,9.853190183639526,6.916999816894531,9.006214141845703,8.695656061172485,10.502541065216064
model_2,77.41389274597168,3.303217887878418,7.453417778015137,7.227557897567749,6.888765096664429,1.693958044052124,6.013554334640503,6.324112415313721,6.013554334640503,1.0728418827056885,6.126487255096436,7.1710944175720215,6.0417890548706055,2.569174766540528,5.9853196144104,5.73122501373291,4.404294490814209,1.693958044052124,5.223041772842407,5.0254106521606445,4.206663370132446
model_3,87.35178112983704,8.89328122138977,10.417842864990234,10.784870386123655,10.30491590499878,6.945228576660156,10.47431230545044,10.502541065216064,9.514403343200684,6.578207015991211,9.62733030319214,11.434221267700195,10.191982984542848,7.509881258010864,9.937888383865356,11.349523067474363,10.671937465667725,8.385097980499268,10.22021770477295,9.937888383865356,11.236590147018433
model_4,80.20892143249512,1.919817924499512,4.856014251708984,2.8514981269836426,3.783172369003296,1.3833999633789062,3.2749831676483154,3.754943609237671,4.376059770584106,0.959908962249756,2.73856520652771,3.1902849674224854,4.009032249450684,1.5527963638305664,2.7667999267578125,3.613775968551636,5.081874132156372,2.9361963272094727,2.31507420539856,4.4607579708099365,4.545456171035767
model_5,87.210613489151,15.330320596694946,21.061545610427856,21.118009090423584,20.44042944908142,14.906829595565796,20.8921492099762,19.33935284614563,18.944096565246586,15.612643957138062,18.633538484573364,19.649910926818848,17.814791202545166,15.556180477142334,19.198191165924072,18.802934885025024,17.19367504119873,16.205531358718872,19.22642588615417,17.080742120742798,16.798418760299683
model_6,80.35008311271667,2.1174490451812744,4.799544811248779,4.291361570358276,3.698474168777466,1.4680981636047363,3.049123287200928,2.82326340675354,3.698474168777466,0.959908962249756,3.020888566970825,3.754937648773194,2.5974035263061523,2.6821017265319824,2.48447060585022,2.9926598072052,2.7103304862976074,3.0773580074310303,2.1456778049468994,3.049123287200928,4.545450210571289
model_7,85.54489016532898,12.874084711074827,18.12535524368286,16.403162479400635,16.374927759170532,12.365895509719849,17.84302592277527,16.516095399856567,15.30209183692932,11.9706392288208,17.080748081207275,16.262000799179077,14.991527795791626,14.596271514892578,17.36307144165039,16.318464279174805,14.229249954223633,13.692831993103027,16.629022359848022,15.13269543647766,15.245622396469116
model_8,74.28006529808044,1.693958044052124,2.82326340675354,1.7504215240478516,2.31507420539856,0.4517197608947754,1.609259843826294,1.2987017631530762,2.3997724056243896,1.044607162475586,1.863354444503784,2.117443084716797,0.7622778415679932,2.343308925628662,1.637488603591919,2.5409340858459477,1.6657233238220217,2.73856520652771,1.6657233238220217,1.4398634433746338,2.004516124725342
model_9,77.30095982551575,3.5290777683258057,6.437039375305176,5.90062141418457,5.702990293502808,2.428007125854492,5.844157934188843,5.0536394119262695,5.30773401260376,0.1976311206817627,5.166572332382202,5.64652681350708,4.009032249450684,0.8187472820281982,4.658383131027222,4.940712451934815,4.4889867305755615,1.6374945640563965,4.601919651031494,3.303217887878418,4.4042885303497314
model_10,80.83003759384155,9.740257263183594,15.330320596694946,14.906829595565796,13.043475151062012,8.441555500030518,13.043475151062012,12.78938055038452,12.394124269485474,7.96160101890564,12.196499109268188,13.043475151062012,11.236590147018433,9.514397382736206,12.478822469711304,12.28119730949402,10.643702745437622,8.55448842048645,11.88594102859497,10.135513544082642,10.70016622543335
model_11,58.92151594161987,0.0282347202301025,1.2704730033874512,-0.6211161613464355,-0.5364179611206055,0.2823293209075928,-0.7622778415679932,-0.2258598804473877,-1.3269305229187012,0.056469440460205,-0.7340431213378906,0.2258658409118652,-1.8915832042694087,-0.9316742420196532,0.2823293209075928,0.6775856018066406,0.2540946006774902,0.4234910011291504,0.3387928009033203,-0.9316742420196532,0.1693964004516601
model_12,86.84359192848206,10.869568586349487,15.10446071624756,15.69734811782837,15.160924196243286,10.191982984542848,15.556186437606812,14.878600835800173,14.737439155578612,10.417842864990234,15.386790037155151,15.556186437606812,13.466966152191162,11.9706392288208,15.047997236251833,14.426881074905396,13.749295473098757,12.14003562927246,13.862228393554688,12.874084711074827,13.21287751197815
model_13,87.210613489151,8.55448842048645,11.490678787231444,12.365895509719849,11.321288347244264,8.21569561958313,10.897797346115112,12.083566188812256,10.982495546340942,7.933366298675537,11.434215307235718,12.478822469711304,12.563520669937134,9.853190183639526,11.88594102859497,12.224727869033812,11.88594102859497,10.53076982498169,11.829471588134766,11.63184642791748,12.309426069259644
model_14,70.18633484840393,1.609259843826294,2.5127053260803223,2.3997724056243896,1.4398634433746338,1.2987017631530762,2.230376005172729,1.7504215240478516,2.9361963272094727,1.5810251235961914,2.258610725402832,3.6420106887817374,2.1456778049468994,2.48447060585022,1.2422382831573486,3.444379568099976,3.133821487426758,2.31507420539856,3.6420106887817374,1.214003562927246,3.3314526081085205
model_15,82.97572135925293,3.105592727661133,6.945228576660156,6.747603416442871,6.295877695083618,2.089214324951172,6.126481294631958,6.267648935317993,6.352347135543823,2.7667999267578125,6.324112415313721,6.6346704959869385,5.138343572616577,3.190290927886963,6.888765096664429,5.957084894180298,5.251270532608032,4.404294490814209,7.876908779144287,5.957084894180298,5.844157934188843
model_16,80.29361963272095,3.839641809463501,6.6346704959869385,4.517221450805664,5.22303581237793,2.56916880607605,5.787688493728638,5.251270532608032,5.110108852386475,1.3833999633789062,5.251270532608032,4.827779531478882,4.940712451934815,1.693958044052124,4.573684930801392,5.759459733963013,5.47713041305542,2.90796160697937,4.4889867305755615,4.940712451934815,5.5900633335113525
model_17,74.95765089988708,1.2422382831573486,3.0773580074310303,3.472614288330078,2.0327508449554443,0.1411616802215576,1.2987017631530762,1.8915891647338867,2.90796160697937,0.0564634799957275,1.9762873649597168,2.3997724056243896,1.6374945640563965,0.7058143615722656,1.129305362701416,1.496326923370361,0.9316742420196532,1.6657233238220217,0.5081892013549805,0.6211161613464355,2.3715436458587646
model_18,85.14963388442993,8.074533939361572,11.744779348373411,12.535291910171509,11.80124282836914,8.865046501159668,12.563526630401611,12.28119730949402,11.71654462814331,9.260308742523192,11.236590147018433,12.027102708816528,11.9706392288208,9.712028503417969,11.914175748825071,11.180126667022703,11.1236572265625,11.9706392288208,11.405986547470093,11.180126667022703,10.728400945663452
model_19,82.35459923744202,2.56916880607605,6.126481294631958,6.408804655075073,5.279499292373657,2.851492166519165,5.081874132156372,5.47713041305542,5.674755573272705,1.806885004043579,5.081874132156372,5.6182920932769775,4.037266969680786,2.851492166519165,4.96894121170044,4.856008291244507,5.364197492599487,4.206657409667969,3.867870569229126,4.997175931930542,4.884243011474609
model_20,81.5076231956482,3.1620562076568604,5.928856134414673,4.940712451934815,5.364203453063965,3.613775968551636,5.110108852386475,5.39243221282959,5.335968732833862,2.2868454456329346,5.1383376121521,4.799550771713257,5.420666933059692,3.3314526081085205,4.376059770584106,6.267642974853516,5.56182861328125,3.783172369003296,4.573684930801392,4.912477731704712,6.182950735092163
model_21,68.54884028434753,2.173912525177002,0.959908962249756,1.044607162475586,0.959908962249756,0.8187413215637207,-0.1129329204559326,1.5810251235961914,0.8752107620239258,0.1976251602172851,-0.1129329204559326,0.7340490818023682,0.2258598804473877,0.592881441116333,0.7058143615722656,0.7622778415679932,-0.1976311206817627,0.6775796413421631,0.7622778415679932,-0.3105640411376953,0.7058143615722656
model_22,75.12704730033875,0.8752107620239258,3.2467544078826904,4.065501689910889,3.049123287200928,1.3551652431488037,2.3715436458587646,2.8514981269836426,3.698474168777466,0.2823293209075928,1.3833999633789062,2.5127053260803223,2.258610725402832,1.3833999633789062,0.8752107620239258,2.3715436458587646,2.004516124725342,2.343308925628662,2.258610725402832,0.5928874015808105,1.3833999633789062
model_23,80.29361963272095,2.65386700630188,4.065501689910889,4.404294490814209,4.4889867305755615,1.6374945640563965,2.7667999267578125,4.121965169906616,4.121965169906616,1.2704670429229736,3.303217887878418,4.234898090362549,3.105592727661133,2.6821017265319824,3.218519687652588,3.783172369003296,3.049123287200928,2.8514981269836426,2.7667999267578125,3.613775968551636,3.896105289459229
model_24,73.96950721740723,2.5409340858459477,5.787688493728638,6.126481294631958,6.6346704959869385,1.637488603591919,4.150193929672241,5.364197492599487,5.1383376121521,0.9316742420196532,3.557312488555908,5.110102891921997,3.726708889007568,2.5127053260803223,3.613775968551636,4.545450210571289,4.037266969680786,2.9926598072052,2.936190366744995,2.5974035263061523,3.218519687652588
model_25,75.77639818191528,2.060985565185547,6.1547160148620605,3.5290777683258057,4.884248971939087,1.8351197242736816,5.166572332382202,5.420666933059692,4.601919651031494,-0.08469820022583,4.827779531478882,3.3314526081085205,3.105592727661133,1.4398634433746338,3.387916088104248,4.234898090362549,3.6420106887817374,0.6211161613464355,3.698474168777466,3.5290777683258057,2.795034646987915
model_26,84.58498120307922,6.352347135543823,10.671937465667725,10.671937465667725,9.514397382736206,5.251270532608032,9.768491983413696,9.542632102966309,9.14737582206726,4.432523250579834,9.23207402229309,9.570866823196411,9.31677222251892,6.1547160148620605,9.260308742523192,9.034442901611328,9.14737582206726,5.47713041305542,9.373235702514648,8.55448842048645,9.937888383865356
model_27,77.78091430664062,2.90796160697937,6.775832176208496,7.87690281867981,6.7193686962127686,2.82326340675354,6.804066896438599,6.832295656204224,6.352341175079346,2.9361963272094727,5.251270532608032,6.804066896438599,4.347825050354004,3.444379568099976,5.39243221282959,5.702990293502808,4.065501689910889,5.279505252838135,5.73122501373291,4.940712451934815,4.347825050354004
model_28,75.66346526145935,1.9762814044952397,6.662899255752564,6.295877695083618,7.227551937103271,1.2704670429229736,4.263126850128174,5.5053651332855225,6.013548374176025,0.959908962249756,3.980797529220581,4.940712451934815,3.500843048095703,1.7504215240478516,3.754937648773194,4.460752010345459,2.65386700630188,2.089214324951172,2.5974035263061523,1.2704670429229736,2.65386700630188
model_29,73.71541261672974,1.214003562927246,4.912477731704712,4.799544811248779,4.743081331253052,2.428007125854492,3.726702928543091,3.952568769454956,5.025404691696167,1.4680922031402588,2.456235885620117,3.585541248321533,3.218519687652588,1.3269305229187012,1.4398634433746338,3.6702394485473633,2.9644250869750977,2.371537685394287,2.428007125854492,2.089214324951172,2.0609796047210693
model_30,76.56691074371338,2.3715436458587646,7.566344738006592,8.413326740264893,7.566344738006592,2.48447060585022,7.538115978240967,6.916993856430054,7.763975858688354,3.1055867671966557,6.324112415313721,6.973463296890259,5.194807052612305,3.444379568099976,5.81592321395874,6.098246574401856,4.517221450805664,4.4889867305755615,4.856014251708984,4.037266969680786,4.940712451934815
model_31,71.51327133178711,1.5527963638305664,3.557312488555908,4.4607579708099365,3.952568769454956,0.564652681350708,1.8915891647338867,2.9361963272094727,4.940712451934815,-0.3387868404388428,2.2868454456329346,3.867870569229126,1.8068909645080569,-0.4234850406646728,1.4680981636047363,2.540940046310425,1.129305362701416,0.8469820022583008,0.9881436824798584,0.4517257213592529,1.665729284286499
model_32,82.69339203834534,4.037266969680786,7.255786657333374,7.114624977111816,6.832295656204224,2.456235885620117,6.239414215087891,7.114624977111816,6.1547160148620605,2.879726886749268,5.194801092147827,6.267642974853516,5.533593893051148,4.206663370132446,5.872386693954468,6.662899255752564,6.239414215087891,4.4889867305755615,5.194801092147827,6.098246574401856,6.606435775756836
model_33,81.39469027519226,3.1055867671966557,8.38509202003479,6.804060935974121,6.578201055526733,3.811401128768921,6.860530376434326,6.154710054397583,6.860530376434326,2.117443084716797,6.860530376434326,5.30773401260376,5.279499292373657,2.7103304862976074,6.1829447746276855,5.64652681350708,6.041783094406128,2.936190366744995,5.81592321395874,5.73122501373291,5.47713041305542
model_34,84.33088660240173,3.359681367874145,5.957084894180298,6.916993856430054,5.957084894180298,2.230376005172729,4.319596290588379,5.90062141418457,6.1547160148620605,2.9644250869750977,5.533599853515625,6.295877695083618,5.5053651332855225,4.714852571487427,4.799550771713257,5.47713041305542,5.90062141418457,5.448901653289795,4.884248971939087,5.39243221282959,6.691133975982666
model_35,67.3913061618805,1.9480526447296145,2.230381965637207,1.2987017631530762,2.428007125854492,0.9316802024841307,2.710336446762085,1.8915891647338867,3.557312488555908,1.9480526447296145,2.258610725402832,3.5855472087860107,3.1620562076568604,1.524561643600464,2.3715436458587646,2.3715436458587646,2.173912525177002,4.234898090362549,2.625638246536255,1.3833999633789062,4.150199890136719
model_36,82.55223035812378,5.30773401260376,9.175604581832886,8.159232139587402,8.102768659591675,4.121965169906616,8.04629921913147,7.848674058914185,7.707512378692627,3.6420106887817374,8.187466859817505,7.763975858688354,6.916993856430054,4.376059770584106,8.018070459365845,7.538115978240967,7.538115978240967,5.22303581237793,7.199323177337647,7.227557897567749,6.521737575531006
model_37,67.41953492164612,1.5527904033660889,1.129305362701416,0.8469760417938232,0.3105580806732178,1.4680922031402588,-0.0282347202301025,0.8752107620239258,0.6493508815765381,0.1976251602172851,0.0564634799957275,0.9316742420196532,0.3387868404388428,0.9881377220153807,-0.4517257213592529,0.1976251602172851,1.157534122467041,0.8469760417938232,0.2540946006774902,0.564652681350708,1.637488603591919
model_38,84.78260636329651,4.150193929672241,7.905137538909912,5.702990293502808,7.142853736877441,4.573684930801392,5.787688493728638,7.114624977111816,6.945228576660156,4.601919651031494,7.086390256881714,7.538110017776489,7.086390256881714,4.121965169906616,6.691133975982666,7.820439338684082,8.21569561958313,6.549972295761108,5.533593893051148,7.735741138458252,8.72388482093811
model_39,75.49406886100769,1.0163724422454834,3.867870569229126,1.863354444503784,2.456235885620117,0.7340490818023682,3.1055867671966557,2.7103304862976074,2.9926598072052,-0.08469820022583,1.496326923370361,1.9762814044952397,3.020888566970825,1.6657233238220217,2.004516124725342,2.117443084716797,3.980797529220581,2.31507420539856,1.4398634433746338,2.7103304862976074,3.867870569229126
model_40,79.84189987182617,2.145683765411377,2.90796160697937,3.133827447891236,3.3879220485687256,0.5928874015808105,2.0892202854156494,2.060985565185547,2.795034646987915,1.214003562927246,2.569174766540528,3.3879220485687256,2.428007125854492,1.750427484512329,1.778656244277954,2.6821017265319824,2.540940046310425,2.540940046310425,1.693958044052124,2.1174490451812744,3.2467544078826904
model_41,79.33371067047119,2.060985565185547,5.364203453063965,5.618298053741455,4.658383131027222,1.3269364833831787,4.121965169906616,4.150199890136719,4.234898090362549,1.8351197242736816,3.5008490085601807,4.630154371261597,3.698474168777466,2.004516124725342,3.5855472087860107,4.968947172164917,5.053645372390747,2.82326340675354,4.319596290588379,3.9808034896850586,4.517221450805664
model_42,85.23433208465576,5.335968732833862,10.191982984542848,7.058161497116089,6.945228576660156,4.291361570358276,9.119141101837158,7.199323177337647,6.606435775756836,4.630154371261597,8.780354261398315,7.199323177337647,7.340484857559204,3.896105289459229,8.21569561958313,6.408810615539551,8.018070459365845,5.928856134414673,7.171088457107544,7.340484857559204,7.763975858688354
model_43,82.80632495880127,6.916999816894531,10.897797346115112,9.401470422744753,9.937888383865356,6.041783094406128,8.695650100708008,9.7967267036438,8.498024940490723,5.39243221282959,9.175610542297363,9.260302782058716,9.090912342071531,6.7193686962127686,9.14737582206726,9.034442901611328,8.865046501159668,6.973463296890259,8.752119541168213,8.921515941619873,9.14737582206726
model_44,82.100510597229,4.601919651031494,7.651048898696899,7.1710944175720215,6.380575895309448,3.952568769454956,7.848674058914185,6.1547160148620605,6.324112415313721,3.754943609237671,6.973463296890259,7.114624977111816,5.0254106521606445,3.6420106887817374,6.973463296890259,6.465274095535278,6.691139936447144,3.726708889007568,6.267648935317993,5.110108852386475,6.239414215087891
model_45,74.78825449943542,1.3551652431488037,4.658383131027222,4.884243011474609,4.4889867305755615,1.9762814044952397,3.839635848999024,4.517221450805664,6.804066896438599,2.6256322860717773,5.39243221282959,6.6346704959869385,6.549972295761108,3.6420106887817374,3.754937648773194,4.658383131027222,5.872386693954468,4.517221450805664,5.22303581237793,4.686617851257324,6.211179494857788
model_46,86.27893924713135,7.114624977111816,10.38961410522461,10.559004545211792,10.671937465667725,6.493508815765381,8.328628540039062,10.361379384994509,9.7967267036438,6.691133975982666,9.48616862297058,10.841333866119385,9.8249614238739,7.622814178466797,9.48616862297058,10.559004545211792,10.813099145889282,7.255786657333374,9.853190183639526,9.881424903869627,10.643702745437622
model_47,75.38114190101624,1.8351197242736816,6.070017814636231,5.0254106521606445,5.56182861328125,3.529083728790283,3.698474168777466,4.686617851257324,6.267648935317993,2.7667999267578125,5.872392654418945,5.053645372390747,6.182950735092163,3.670245409011841,4.488992691040039,4.997175931930542,6.041783094406128,5.618298053741455,4.658389091491699,4.488992691040039,5.64652681350708
model_48,83.76623392105103,4.291361570358276,7.255786657333374,5.420666933059692,6.945228576660156,4.009032249450684,6.465274095535278,6.126481294631958,6.860530376434326,3.557312488555908,6.578207015991211,6.437039375305176,6.1829447746276855,3.5008490085601807,5.928856134414673,6.521737575531006,7.114624977111816,4.940712451934815,4.940712451934815,5.928856134414673,7.594579458236694
model_49,73.43308925628662,1.4116346836090088,4.234898090362549,2.625638246536255,3.190290927886963,1.919817924499512,2.73856520652771,4.997175931930542,4.291361570358276,2.8514981269836426,3.952568769454956,4.234898090362549,4.150199890136719,2.879726886749268,2.9361963272094727,3.924340009689331,4.037266969680786,4.404294490814209,4.291361570358276,3.9808034896850586,5.053645372390747
model_50,86.73065900802612,8.018064498901367,11.660075187683104,11.688309907913208,11.518913507461548,7.058155536651611,10.107284784317017,11.20835542678833,10.502541065216064,6.1547160148620605,10.671937465667725,12.083566188812256,10.982495546340942,8.018064498901367,10.304909944534302,11.46245002746582,11.03895902633667,8.865046501159668,11.010724306106567,10.474306344985962,11.490678787231444
model_51,80.66064119338989,7.114619016647339,12.61998414993286,11.829471588134766,10.728400945663452,5.928850173950195,11.321282386779783,10.982495546340942,10.079050064086914,6.408804655075073,10.502541065216064,11.20835542678833,9.740257263183594,7.820439338684082,10.135513544082642,10.841327905654907,9.62732434272766,7.255786657333374,9.96611714363098,9.260302782058716,9.655559062957764
model_52,73.68718385696411,2.73856520652771,4.234898090362549,3.839641809463501,5.47713041305542,2.73856520652771,3.670245409011841,5.0254106521606445,5.47713041305542,4.037266969680786,4.347825050354004,5.251270532608032,4.206663370132446,3.4161508083343506,4.799550771713257,4.658389091491699,4.601919651031494,4.206663370132446,4.686617851257324,4.545456171035767,4.997175931930542
model_53,86.6459608078003,6.493502855300903,9.006208181381226,9.655559062957764,9.655559062957764,5.64652681350708,8.21569561958313,9.090906381607056,9.147369861602783,5.251270532608032,8.55448842048645,9.712022542953491,9.034442901611328,7.594579458236694,8.695650100708008,10.163748264312744,8.72388482093811,7.425183057785034,8.752113580703735,8.074533939361572,9.683793783187866
model_54,80.97120523452759,3.359687328338623,7.594579458236694,5.533599853515625,6.437045335769653,3.3314526081085205,7.255792617797852,5.73122501373291,6.832301616668701,2.7385711669921875,7.001698017120361,5.872392654418945,4.940712451934815,2.9361963272094727,6.098252534866333,6.662905216217041,6.408810615539551,2.4844765663146973,6.070017814636231,4.968947172164917,5.138343572616577
model_55,79.75720167160034,3.952568769454956,8.441561460494995,7.340490818023682,7.255792617797852,2.9926598072052,7.396954298019409,7.792210578918457,7.199323177337647,2.9926598072052,7.368719577789307,7.651048898696899,6.013554334640503,3.670245409011841,7.114624977111816,7.142859697341919,6.211179494857788,3.754943609237671,6.295877695083618,6.1547160148620605,6.295877695083618
model_56,72.21908569335938,1.6657233238220217,4.827779531478882,4.545456171035767,3.5290777683258057,1.2987017631530762,2.9361963272094727,4.178428649902344,3.783172369003296,2.9361963272094727,3.9808034896850586,4.178428649902344,3.670245409011841,3.190290927886963,3.472614288330078,3.5855472087860107,3.2467544078826904,5.194807052612305,3.5855472087860107,3.783172369003296,3.8114070892333984
model_57,63.26934099197388,-0.3670215606689453,1.044607162475586,-0.5364179611206055,1.8915891647338867,-0.1411616802215576,-0.6493508815765381,0.4234910011291504,0.9316802024841307,0.7622838020324707,1.214003562927246,2.0327508449554443,1.2987017631530762,0.1129329204559326,1.524561643600464,0.7905125617980957,0.8469820022583008,0.6493508815765381,0.6775856018066406,0.08469820022583,0.1411676406860351
model_58,77.04686522483826,3.1055867671966557,7.425183057785034,7.029926776885986,6.832295656204224,2.9926598072052,7.622808218002319,6.945228576660156,6.211179494857788,2.73856520652771,6.295877695083618,6.662899255752564,4.432523250579834,3.6420106887817374,6.126481294631958,6.126481294631958,4.686617851257324,4.856014251708984,5.6182920932769775,5.64652681350708,5.081874132156372
model_59,76.51044726371765,2.2868454456329346,5.64652681350708,4.968947172164917,4.573690891265869,1.6374945640563965,5.251270532608032,4.658389091491699,4.376059770584106,0.1976311206817627,4.799550771713257,3.613775968551636,2.73856520652771,1.2704670429229736,3.2467544078826904,3.8114070892333984,3.6420106887817374,2.230381965637207,2.9644250869750977,3.274989128112793,4.234898090362549
model_60,84.47204828262329,3.557312488555908,7.396948337554932,5.420666933059692,6.324106454849243,3.783172369003296,6.691133975982666,6.211179494857788,6.860530376434326,2.9644250869750977,6.041783094406128,6.126481294631958,6.013548374176025,3.754937648773194,5.166572332382202,5.73122501373291,8.04629921913147,5.6182920932769775,4.827779531478882,6.070017814636231,7.001692056655884
model_61,81.90287947654724,3.5290777683258057,8.949744701385498,8.21569561958313,7.368719577789307,3.0773580074310303,8.610951900482178,7.594579458236694,7.481646537780762,2.9644250869750977,7.509881258010864,7.820439338684082,5.73122501373291,3.133821487426758,7.96160101890564,6.1829447746276855,6.662899255752564,3.670245409011841,7.255786657333374,5.9853196144104,5.928856134414673
model_62,74.67532753944397,1.016378402709961,4.601925611495972,4.9124836921691895,5.053645372390747,1.101076602935791,2.9926598072052,4.093736410140991,5.194807052612305,0.2258658409118652,3.0773580074310303,4.884248971939087,3.472614288330078,1.214003562927246,1.8351256847381592,4.121965169906616,3.274989128112793,2.2021472454071045,2.315080165863037,2.625638246536255,2.00452208518982
model_63,82.52399563789368,4.291361570358276,8.780348300933838,6.521737575531006,6.465274095535278,4.517221450805664,8.80858302116394,6.606435775756836,6.860530376434326,2.9926598072052,8.074533939361572,5.505359172821045,6.098246574401856,3.585541248321533,7.679277658462524,7.171088457107544,6.352341175079346,4.601919651031494,5.759453773498535,7.255786657333374,6.691133975982666
model_64,77.66798138618469,2.173912525177002,5.39243221282959,5.674755573272705,5.47713041305542,2.117443084716797,3.500843048095703,4.940706491470337,4.743081331253052,0.0,3.726702928543091,5.279499292373657,3.783172369003296,1.242232322692871,3.754937648773194,4.178428649902344,3.133821487426758,1.722186803817749,2.0609796047210693,3.1055867671966557,2.90796160697937
model_65,82.46753215789795,2.5127053260803223,5.335968732833862,4.263126850128174,5.279505252838135,2.9644250869750977,5.420666933059692,5.759459733963013,5.533593893051148,1.8068909645080569,4.573684930801392,5.0536394119262695,6.041783094406128,2.4562418460845947,4.037266969680786,5.420666933059692,6.380575895309448,4.037266969680786,4.4889867305755615,4.940712451934815,5.5053651332855225
model_66,85.8272135257721,7.622808218002319,10.841327905654907,11.716538667678831,11.010724306106567,7.255786657333374,10.502541065216064,10.417842864990234,9.853190183639526,6.549966335296631,10.897797346115112,11.603611707687378,11.744773387908936,8.893275260925293,10.86956262588501,10.78486442565918,11.067193746566772,7.933366298675537,11.236584186553957,11.010724306106567,11.236584186553957
model_67,82.18520879745483,2.2021472454071045,5.561834573745728,5.5900633335113525,5.561834573745728,2.3715436458587646,3.613781929016113,4.065501689910889,4.856014251708984,2.0327508449554443,3.9525747299194336,4.884248971939087,3.867876529693604,2.795034646987915,3.8114070892333984,4.432529211044312,4.150199890136719,3.5855472087860107,3.6420106887817374,4.404294490814209,5.0254106521606445
model_68,78.99491786956787,2.1174490451812744,3.387916088104248,3.444379568099976,3.867870569229126,1.7504215240478516,2.4562418460845947,2.73856520652771,3.303217887878418,1.5527963638305664,2.82326340675354,3.726708889007568,2.540940046310425,2.795028686523437,2.48447060585022,3.783172369003296,3.049123287200928,3.1902849674224854,3.133821487426758,3.896105289459229,4.037266969680786
model_69,81.56408667564392,5.448895692825317,8.018064498901367,7.481646537780762,7.96160101890564,5.5900633335113525,7.255786657333374,8.187460899353027,7.312250137329102,4.686617851257324,7.87690281867981,7.848674058914185,7.199323177337647,6.098246574401856,7.763975858688354,7.848674058914185,7.594579458236694,6.945228576660156,7.679277658462524,7.227551937103271,8.413326740264893
model_70,76.42574906349182,4.912477731704712,8.498024940490723,7.368719577789307,7.058161497116089,3.274989128112793,6.662905216217041,7.368719577789307,7.340484857559204,3.698474168777466,6.295877695083618,7.876908779144287,6.070017814636231,3.783172369003296,6.267648935317993,7.058161497116089,5.364203453063965,4.4607579708099365,5.533599853515625,5.30773401260376,4.206663370132446
model_71,77.18802690505981,5.194801092147827,10.163748264312744,9.824955463409424,9.937888383865356,4.093730449676514,7.679277658462524,8.526253700256348,9.090906381607056,3.500843048095703,7.142853736877441,8.610951900482178,7.368713617324829,5.194801092147827,7.396948337554932,7.87690281867981,6.380575895309448,5.39243221282959,7.481646537780762,6.267642974853516,6.945228576660156
model_72,82.74986147880554,4.234898090362549,7.90514349937439,6.239414215087891,6.691139936447144,3.472614288330078,7.227557897567749,6.521743535995483,5.73122501373291,2.625638246536255,7.029926776885986,5.872392654418945,5.335968732833862,2.879732847213745,5.646532773971558,6.437045335769653,6.832301616668701,3.726708889007568,5.73122501373291,5.646532773971558,6.7193686962127686
model_73,82.8910231590271,3.2467544078826904,6.945228576660156,6.691133975982666,6.662905216217041,2.56916880607605,6.126481294631958,5.73122501373291,6.041783094406128,2.73856520652771,5.674761533737183,6.691133975982666,6.493508815765381,4.234898090362549,4.686617851257324,6.070017814636231,6.126481294631958,4.714852571487427,5.0254106521606445,4.912477731704712,6.182950735092163
model_74,79.8701286315918,5.56182861328125,10.61546802520752,9.853190183639526,10.163748264312744,4.884243011474609,7.651042938232422,8.836811780929565,8.865046501159668,4.065495729446411,8.328628540039062,9.316766262054443,8.865046501159668,4.799544811248779,7.87690281867981,8.780348300933838,7.735741138458252,5.166572332382202,7.086390256881714,7.707506418228149,7.058155536651611
model_75,79.6160340309143,2.90796160697937,5.0536394119262695,4.573684930801392,5.1383376121521,1.8351197242736816,4.009032249450684,3.303217887878418,5.0536394119262695,1.1857688426971436,3.867870569229126,4.037266969680786,3.6702394485473633,2.173912525177002,2.936190366744995,3.867870569229126,3.0773580074310303,2.682095766067505,2.371537685394287,3.331446647644043,5.025404691696167
model_76,84.86730456352234,9.062671661376951,14.398640394210815,13.325804471969604,12.422358989715576,7.87690281867981,13.918685913085938,13.833987712860107,13.495200872421265,8.21569561958313,12.732917070388794,12.252962589263916,10.813099145889282,8.413326740264893,11.970633268356323,12.365895509719849,11.942404508590698,9.79672074317932,12.422358989715576,10.474306344985962,11.998867988586426
model_77,74.39299821853638,1.9480526447296145,4.4607579708099365,4.517221450805664,5.39243221282959,3.952568769454956,3.105592727661133,4.799550771713257,5.39243221282959,3.3314526081085205,4.206663370132446,5.39243221282959,4.997175931930542,3.896105289459229,5.279505252838135,4.601919651031494,4.743081331253052,4.827779531478882,4.573684930801392,3.952568769454956,6.465274095535278
model_78,74.33653473854065,1.129305362701416,3.754943609237671,4.206663370132446,4.432523250579834,-0.0564634799957275,2.089214324951172,3.444385528564453,4.037266969680786,-0.9316742420196532,2.060985565185547,3.1620562076568604,1.8351256847381592,0.08469820022583,1.3269364833831787,2.8514981269836426,1.1575400829315186,0.5081892013549805,0.3387928009033203,0.7058203220367432,1.4398634433746338
model_79,82.52399563789368,4.96894121170044,11.37775182723999,9.542632102966309,8.63918662071228,4.009032249450684,10.107284784317017,8.21569561958313,8.30039381980896,3.331446647644043,8.80858302116394,8.074533939361572,7.171088457107544,4.601919651031494,9.034442901611328,7.566344738006592,7.707506418228149,5.0536394119262695,8.865046501159668,7.735741138458252,6.945228576660156
model_80,78.88198494911194,4.4042885303497314,7.87690281867981,7.96160101890564,7.594579458236694,2.202141284942627,6.408804655075073,6.549966335296631,6.521737575531006,1.778656244277954,6.634664535522461,7.029926776885986,6.493502855300903,3.500843048095703,7.142853736877441,6.521737575531006,5.844151973724365,4.291355609893799,4.912477731704712,5.56182861328125,6.239408254623413
model_81,68.23828220367432,-0.1976311206817627,1.863354444503784,1.5527963638305664,2.3997724056243896,-0.536423921585083,1.3833999633789062,1.496326923370361,3.557312488555908,0.959908962249756,1.778656244277954,2.6821017265319824,1.2987017631530762,0.0564634799957275,1.496326923370361,1.9480526447296145,0.5081832408905029,3.133821487426758,2.48447060585022,0.4234910011291504,2.6256322860717773
model_82,81.14059567451477,8.55448842048645,12.845844030380247,12.507057189941406,12.140029668807983,7.566344738006592,11.716538667678831,12.196499109268188,10.70016622543335,8.1309974193573,11.37775182723999,11.914169788360596,11.490678787231444,8.441555500030518,9.712022542953491,11.349517107009888,10.248446464538574,7.284015417098999,10.813099145889282,9.655559062957764,11.095422506332396
model_83,84.69790816307068,5.335968732833862,10.248446464538574,6.408804655075073,7.538110017776489,5.194801092147827,9.79672074317932,8.1309974193573,7.96160101890564,4.093730449676514,8.526253700256348,7.7922046184539795,7.622808218002319,4.630148410797119,9.288537502288818,8.865046501159668,9.486162662506104,5.985313653945923,8.04629921913147,8.102762699127197,8.667415380477905
model_84,83.79446864128113,3.444385528564453,7.142859697341919,4.150199890136719,6.7193686962127686,3.444385528564453,5.64652681350708,6.013554334640503,7.340490818023682,3.105592727661133,6.521743535995483,7.058161497116089,7.82044529914856,4.658389091491699,7.001698017120361,7.199323177337647,8.89328122138977,6.211179494857788,6.211179494857788,7.086396217346191,8.836817741394043
model_85,81.33822679519653,2.879726886749268,6.691133975982666,6.070017814636231,5.957084894180298,1.4398634433746338,4.856014251708984,5.957084894180298,6.239414215087891,0.8187472820281982,5.6182920932769775,5.844157934188843,4.658383131027222,1.693958044052124,5.47713041305542,6.013554334640503,5.674761533737183,3.218519687652588,4.601919651031494,4.291361570358276,5.56182861328125
model_86,82.18520879745483,4.488992691040039,9.373235702514648,9.401470422744753,8.865052461624146,4.263132810592651,7.82044529914856,8.780354261398315,7.848674058914185,3.5008490085601807,8.554494380950928,8.356863260269165,8.215701580047607,4.432529211044312,7.509881258010864,8.187466859817505,7.622814178466797,3.896105289459229,7.566350698471069,7.453417778015137,7.961606979370117
model_87,64.62450623512268,1.1010706424713137,0.08469820022583,-0.1693964004516601,-0.6211161613464355,-0.2540946006774902,-0.4234910011291504,-0.6211161613464355,-0.7622838020324707,0.0282347202301025,0.4799544811248779,-0.1129329204559326,-0.5364179611206055,0.0282347202301025,0.7905125617980957,0.9316802024841307,0.3952562808990478,0.08469820022583,0.564652681350708,0.1411616802215576,0.7905125617980957
model_88,69.14172768592834,0.1693964004516601,-0.1976311206817627,0.3387928009033203,0.1411616802215576,-0.1411616802215576,0.2823233604431152,1.1010706424713137,0.1129329204559326,0.4234910011291504,-1.0728418827056885,0.1129329204559326,-0.6211161613464355,-0.8187472820281982,0.0282347202301025,-0.2540946006774902,-0.6211161613464355,-0.3387928009033203,-0.1129329204559326,-1.778656244277954,0.1693964004516601
model_89,80.80180883407593,2.569174766540528,7.368719577789307,4.743087291717529,6.408810615539551,2.315080165863037,6.465274095535278,5.448901653289795,5.872392654418945,1.778656244277954,6.295877695083618,4.9124836921691895,4.799550771713257,2.5127053260803223,4.827785491943359,5.053645372390747,5.5900633335113525,2.879732847213745,5.448901653289795,5.223041772842407,5.081874132156372
model_90,70.24279832839966,1.919817924499512,2.9926598072052,3.980797529220581,4.009032249450684,1.1857688426971436,1.693958044052124,2.65386700630188,3.303217887878418,1.2987017631530762,1.9480466842651367,2.56916880607605,1.6657233238220217,2.795028686523437,1.072835922241211,2.032744884490967,2.343308925628662,3.387916088104248,1.7504215240478516,0.6211161613464355,1.242232322692871
model_91,69.53698396682739,0.8752107620239258,3.1055867671966557,3.783172369003296,4.065501689910889,0.1976251602172851,1.778656244277954,3.867870569229126,3.5290777683258057,0.6493508815765381,1.129305362701416,2.456235885620117,1.806885004043579,1.9480526447296145,1.4116287231445312,2.9926598072052,1.919817924499512,3.8114070892333984,2.230376005172729,0.6211161613464355,-0.2823293209075928
model_92,81.02766871452332,4.884248971939087,10.22021770477295,10.30491590499878,8.356863260269165,5.90062141418457,9.824955463409424,10.13551950454712,9.14737582206726,5.5053651332855225,9.712028503417969,8.865046501159668,7.142859697341919,6.182950735092163,8.55448842048645,8.836817741394043,7.425183057785034,6.916993856430054,8.356863260269165,7.425183057785034,7.340484857559204
model_93,66.43139719963074,0.7340490818023682,0.7622838020324707,0.6775856018066406,-0.5081832408905029,0.7905185222625732,0.6493508815765381,0.7905185222625732,0.564652681350708,0.3952622413635254,0.0,0.8752167224884033,-0.0564634799957275,0.6211221218109131,0.3105640411376953,1.750427484512329,0.9034454822540284,1.044607162475586,0.7058203220367432,-0.2540886402130127,1.8915891647338867
model_94,72.64257669448853,1.3551712036132812,2.795034646987915,1.3269364833831787,1.214003562927246,0.4799544811248779,1.4398634433746338,0.3387928009033203,1.9762873649597168,0.0282347202301025,2.343308925628662,1.4398634433746338,0.3105580806732178,1.7221927642822266,0.536423921585083,1.9480526447296145,0.8187472820281982,2.230381965637207,0.8752107620239258,1.3269364833831787,1.6374945640563965
model_95,69.00056600570679,1.3269364833831787,0.536423921585083,1.750427484512329,-1.3269305229187012,-0.3387928009033203,1.4116346836090088,0.9034454822540284,0.3670275211334228,0.08469820022583,-0.1693964004516601,1.750427484512329,0.4799544811248779,0.7058143615722656,0.0282347202301025,0.8187472820281982,0.2823293209075928,0.7905125617980957,1.129305362701416,0.7905125617980957,0.3105580806732178
model_96,81.02766871452332,4.573690891265869,8.667421340942383,9.119141101837158,8.949744701385498,3.8114070892333984,7.396954298019409,8.441561460494995,7.905137538909912,2.879726886749268,7.284021377563477,7.792210578918457,7.142859697341919,3.303217887878418,7.029926776885986,7.340484857559204,6.324112415313721,3.952568769454956,5.5053651332855225,6.493508815765381,6.126481294631958
model_97,68.21005344390869,1.0446131229400637,1.2704730033874512,2.4844765663146973,2.145683765411377,0.3105640411376953,2.5974035263061523,1.6374945640563965,3.783178329467773,0.1976311206817627,2.0327508449554443,2.2868454456329346,1.665729284286499,1.0446131229400637,1.9480526447296145,2.625638246536255,1.214003562927246,2.230381965637207,2.82326340675354,1.2704730033874512,2.879732847213745
model_98,83.20158123970032,4.545456171035767,9.175604581832886,8.667421340942383,7.142859697341919,3.6420106887817374,8.159232139587402,7.058161497116089,6.945228576660156,4.037266969680786,8.413326740264893,7.368719577789307,6.7193686962127686,4.714852571487427,8.187466859817505,6.860530376434326,7.255786657333374,5.420666933059692,7.848674058914185,6.606435775756836,6.098252534866333
model_99,83.85093212127686,7.566344738006592,11.03895902633667,9.65556502342224,10.163748264312744,6.013554334640503,9.401470422744753,9.7967267036438,10.13551950454712,6.211179494857788,9.203839302062988,10.050821304321287,9.599095582962036,7.255786657333374,9.45793390274048,8.55448842048645,8.836817741394043,7.142859697341919,9.429699182510376,8.9779794216156,9.937888383865356
model_100,82.6086938381195,9.090906381607056,13.099944591522217,13.212871551513672,12.478822469711304,7.538110017776489,11.80124282836914,11.54714822769165,11.03895902633667,7.255786657333374,11.20835542678833,11.518913507461548,10.44607162475586,7.989835739135742,11.575376987457275,11.264818906784058,10.050815343856812,7.622808218002319,11.405980587005615,9.824955463409424,10.61546802520752
model_101,83.90739560127258,4.771316051483154,9.937888383865356,7.594579458236694,7.679277658462524,3.049123287200928,8.159232139587402,7.425183057785034,7.848674058914185,4.234892129898071,7.763975858688354,7.425183057785034,7.199323177337647,2.1174490451812744,7.171088457107544,6.606435775756836,6.945228576660156,5.081874132156372,7.086390256881714,5.787688493728638,7.396948337554932
model_102,67.137211561203,1.7221927642822266,1.2704670429229736,-0.5364179611206055,-0.3952562808990478,0.8469820022583008,0.1411616802215576,-0.028228759765625,0.4799544811248779,-0.1976251602172851,-0.3952562808990478,1.0728418827056885,-0.9034454822540284,-0.3952562808990478,-0.028228759765625,0.4799544811248779,-0.3952562808990478,-0.5364179611206055,0.8187472820281982,-1.129305362701416,0.3952562808990478
model_103,80.60417771339417,2.6256322860717773,4.4042885303497314,4.234892129898071,4.234892129898071,1.6657233238220217,2.7667999267578125,3.218519687652588,3.952568769454956,1.6374945640563965,3.585541248321533,3.698474168777466,2.31507420539856,2.9644250869750977,3.359681367874145,3.5290777683258057,3.1902849674224854,3.754937648773194,3.359681367874145,3.585541248321533,4.009032249450684
model_104,82.66516327857971,3.6420106887817374,5.618298053741455,5.702996253967285,5.64652681350708,2.879732847213745,4.3478310108184814,5.279505252838135,5.081874132156372,2.7667999267578125,4.121965169906616,5.928856134414673,4.99718189239502,3.896105289459229,4.178434610366821,5.561834573745728,5.194807052612305,3.529083728790283,4.150199890136719,4.771316051483154,5.928856134414673
model_105,64.3986463546753,0.7340490818023682,0.0282347202301025,0.2540946006774902,-1.496326923370361,0.5928874015808105,-0.1411616802215576,-0.592881441116333,0.0,0.08469820022583,-0.3387928009033203,0.4517257213592529,-1.1857688426971436,1.214003562927246,-0.9034454822540284,0.1693964004516601,0.564652681350708,0.959908962249756,1.1575400829315186,-0.2258598804473877,1.129305362701416
model_106,78.99491786956787,2.5974035263061523,7.171088457107544,6.126481294631958,5.81592321395874,3.444379568099976,5.928856134414673,5.64652681350708,5.759459733963013,3.359681367874145,5.0536394119262695,5.533593893051148,4.912477731704712,3.557312488555908,6.070017814636231,4.884243011474609,3.5290777683258057,6.578207015991211,5.56182861328125,4.686617851257324,5.5900633335113525
model_107,81.84641599655151,3.0208945274353027,7.058161497116089,4.827779531478882,5.759459733963013,2.399778366088867,6.041783094406128,5.787694454193115,5.138343572616577,2.65386700630188,5.64652681350708,4.827779531478882,5.335968732833862,2.173912525177002,5.364203453063965,6.211179494857788,5.307739973068237,3.190290927886963,4.912477731704712,4.601919651031494,4.630154371261597
model_108,70.86392045021057,0.6775856018066406,2.710336446762085,3.896105289459229,3.896105289459229,1.9762873649597168,3.754943609237671,4.093736410140991,2.90796160697937,1.8915891647338867,2.7667999267578125,3.783172369003296,3.274989128112793,3.133821487426758,2.428007125854492,3.754943609237671,2.5974035263061523,3.444385528564453,3.5855472087860107,2.060985565185547,4.545456171035767
model_109,86.92829012870789,9.514397382736206,12.28119730949402,12.535291910171509,13.382267951965332,9.203839302062988,11.829477548599243,11.998873949050903,11.151891946792604,8.526259660720825,11.744779348373411,12.845849990844728,12.930548191070557,10.107284784317017,11.773008108139038,12.761151790618896,12.563526630401611,10.361379384994509,12.365895509719849,13.099944591522217,12.874084711074827
model_110,88.50931525230408,14.003384113311768,19.649910926818848,19.791078567504883,18.068885803222656,13.749295473098757,18.831169605255127,18.831169605255127,16.967815160751343,13.805758953094482,18.01242232322693,17.984187602996826,16.572558879852295,14.963293075561523,18.60530376434326,17.306602001190186,16.572558879852295,15.471482276916504,17.560696601867676,15.923207998275757,16.85488224029541
model_111,74.67532753944397,0.8752167224884033,5.731230974197388,4.799550771713257,4.799550771713257,1.6939640045166016,4.319596290588379,3.557312488555908,4.630154371261597,0.2823293209075928,4.714852571487427,3.613781929016113,2.964431047439575,1.2422382831573486,2.9361963272094727,3.274989128112793,3.0491292476654053,1.0728418827056885,3.613781929016113,2.7385711669921875,2.343308925628662
model_112,80.12422323226929,8.610951900482178,14.144551753997805,13.184642791748049,13.212871551513672,8.159232139587402,12.45059370994568,12.507057189941406,12.30943202972412,7.933372259140015,10.86956262588501,11.660081148147585,11.321288347244264,8.9779794216156,10.389608144760132,10.95426082611084,9.994351863861084,8.102768659591675,11.37775182723999,9.542632102966309,10.671937465667725
model_113,81.36646151542664,2.428007125854492,4.178434610366821,4.601919651031494,4.234898090362549,1.4116346836090088,3.0773580074310303,2.65386700630188,4.037266969680786,1.8351256847381592,3.8114070892333984,4.771316051483154,1.9198238849639893,3.218519687652588,3.0491292476654053,3.472614288330078,2.7667999267578125,2.4562418460845947,2.3715436458587646,2.82326340675354,3.6420106887817374
model_114,84.95200276374817,7.735741138458252,12.111800909042358,11.180120706558228,11.773008108139038,6.380575895309448,10.587239265441896,10.559004545211792,9.994351863861084,6.408804655075073,9.96611714363098,10.61546802520752,10.78486442565918,8.187460899353027,10.728400945663452,9.853190183639526,10.135513544082642,7.453411817550659,9.570860862731934,10.587239265441896,9.570860862731934
model_115,86.61773204803467,10.784870386123655,15.61264991760254,15.669113397598268,15.245628356933594,11.46245002746582,15.69734811782837,15.415018796920776,14.483344554901125,11.236590147018433,15.44325351715088,15.13269543647766,14.059853553771973,12.45059370994568,15.7820463180542,14.059853553771973,14.426881074905396,13.664597272872925,14.991533756256104,13.184642791748049,13.269340991973875
model_116,81.90287947654724,2.5127053260803223,5.0254106521606445,4.234898090362549,4.912477731704712,3.303217887878418,4.376059770584106,5.39243221282959,6.041783094406128,2.1456778049468994,4.573684930801392,5.166572332382202,5.30773401260376,2.9361963272094727,3.9808034896850586,5.335968732833862,7.368719577789307,4.573684930801392,4.630154371261597,4.856014251708984,6.606435775756836
model_117,82.66516327857971,4.206663370132446,8.55448842048645,8.328628540039062,7.566350698471069,3.896105289459229,7.651048898696899,7.142859697341919,7.142859697341919,2.82326340675354,7.001698017120361,7.312256097793579,7.199323177337647,3.670245409011841,7.509881258010864,7.989835739135742,7.7357470989227295,4.206663370132446,6.098252534866333,5.533599853515625,7.763975858688354
model_118,83.96386504173279,5.138343572616577,8.865052461624146,4.968947172164917,6.211185455322266,3.924340009689331,8.131003379821777,6.465274095535278,6.182950735092163,2.9926598072052,8.07453989982605,6.775838136672974,6.493508815765381,3.359687328338623,7.312256097793579,7.142859697341919,7.227557897567749,4.771316051483154,7.029926776885986,7.199323177337647,7.90514349937439
model_119,74.98588562011719,1.185774803161621,4.601919651031494,4.545456171035767,3.867870569229126,0.9034454822540284,4.347825050354004,3.9808034896850586,3.670245409011841,-0.3670215606689453,4.009038209915161,2.73856520652771,2.4562418460845947,1.8068909645080569,3.274989128112793,3.105592727661133,2.399778366088867,1.101076602935791,2.5127053260803223,2.4562418460845947,2.1174490451812744
model_120,82.94748663902283,5.420666933059692,9.175604581832886,8.63918662071228,7.7922046184539795,4.96894121170044,7.255786657333374,8.356857299804688,7.058161497116089,4.009032249450684,8.695650100708008,8.752119541168213,8.159232139587402,4.743081331253052,8.55448842048645,8.63918662071228,7.651042938232422,4.714852571487427,7.509881258010864,7.763975858688354,9.034442901611328
model_121,87.40824460983276,9.006214141845703,12.14003562927246,11.744779348373411,11.688309907913208,8.272165060043335,10.248446464538574,12.168264389038086,11.095428466796877,8.046305179595947,10.869568586349487,12.874084711074827,12.168264389038086,9.514397382736206,11.405986547470093,12.930548191070557,11.998873949050903,10.389608144760132,11.88594102859497,12.252962589263916,13.099944591522217
model_122,71.99322581291199,0.8187472820281982,3.867870569229126,4.517221450805664,3.6420106887817374,0.9034454822540284,2.964431047439575,3.359687328338623,4.856014251708984,0.7058203220367432,2.3715436458587646,3.2467544078826904,2.4844765663146973,1.7221927642822266,2.1174490451812744,3.218519687652588,2.1174490451812744,1.9480526447296145,1.4116346836090088,0.6775856018066406,0.7340490818023682
model_123,71.90852761268616,1.5527963638305664,4.065501689910889,4.234898090362549,4.517221450805664,-0.3105580806732178,2.879732847213745,3.359687328338623,4.178428649902344,-0.5081832408905029,2.3715436458587646,3.867870569229126,1.9762873649597168,0.2540946006774902,1.4398634433746338,2.4562418460845947,1.665729284286499,0.6211221218109131,0.1411616802215576,0.536423921585083,1.4116346836090088
model_124,71.7673659324646,0.1976311206817627,1.778656244277954,2.4844765663146973,2.060985565185547,0.6493508815765381,1.129305362701416,2.710336446762085,3.359687328338623,1.6374945640563965,1.750427484512329,2.9361963272094727,2.540940046310425,1.4963328838348389,2.2021472454071045,2.230381965637207,2.9361963272094727,3.274989128112793,2.6538729667663574,1.0446131229400637,4.291361570358276
model_125,67.87126064300537,-0.4517197608947754,-0.564652681350708,-0.6775796413421631,-1.4116287231445312,0.7622838020324707,-0.1693964004516601,-0.08469820022583,-0.8187472820281982,1.101076602935791,0.0282347202301025,0.4517257213592529,-1.129305362701416,-0.4234910011291504,0.1693964004516601,0.056469440460205,-0.4234910011291504,-0.7905125617980957,-0.7622778415679932,-1.1857688426971436,-0.112926959991455
model_126,74.84471797943115,2.230376005172729,5.90062141418457,5.64652681350708,6.606435775756836,2.286839485168457,3.952568769454956,5.025404691696167,6.662899255752564,2.9644250869750977,5.448895692825317,6.408804655075073,5.844151973724365,3.698474168777466,4.517221450805664,5.025404691696167,4.178428649902344,5.110102891921997,5.22303581237793,3.698474168777466,5.47713041305542
model_127,69.33935880661011,-0.6493508815765381,-0.7058143615722656,-0.7058143615722656,-0.959908962249756,-0.3670215606689453,0.08469820022583,0.3952622413635254,0.2823293209075928,-0.9881377220153807,0.08469820022583,-0.3670215606689453,-0.6775796413421631,-0.7905125617980957,-0.8469760417938232,-0.1693904399871826,-1.778656244277954,-0.564652681350708,-0.9316742420196532,-1.722186803817749,0.3952622413635254
model_128,54.121965169906616,0.6493508815765381,0.9881436824798584,2.428007125854492,2.0327508449554443,0.2540946006774902,2.3715436458587646,2.90796160697937,2.7103304862976074,-0.6775856018066406,0.9316742420196532,0.4234910011291504,0.5081892013549805,-1.0163724422454834,0.2540946006774902,0.3952562808990478,1.2987017631530762,-1.2422382831573486,0.5364179611206055,0.8752107620239258,1.0728418827056885
model_129,85.74252128601074,5.561834573745728,9.23207402229309,10.13551950454712,10.079056024551392,5.0254106521606445,7.763975858688354,9.429705142974854,8.469796180725098,5.279505252838135,7.98984169960022,9.8249614238739,9.23207402229309,6.295883655548096,7.566350698471069,9.373235702514648,9.712028503417969,6.182950735092163,8.07453989982605,8.300399780273438,9.429705142974854
model_130,86.92829012870789,10.446077585220335,15.95144271850586,14.737439155578612,13.636362552642822,9.31677222251892,15.019762516021729,13.692831993103027,14.003390073776243,9.401470422744753,14.652740955352783,13.523435592651367,12.591755390167236,9.96612310409546,15.27385711669922,13.833993673324583,12.930548191070557,11.151891946792604,16.064369678497314,13.21287751197815,13.551664352416992
model_131,79.13607954978943,1.7504215240478516,4.263126850128174,3.839635848999024,3.726708889007568,0.5081832408905029,1.4680981636047363,2.851492166519165,3.416144847869873,0.2540946006774902,2.879726886749268,2.851492166519165,2.343308925628662,1.7504215240478516,2.31507420539856,1.7504215240478516,2.766793966293335,1.778656244277954,2.1456778049468994,2.65386700630188,3.8114070892333984
model_132,79.13607954978943,1.1857688426971436,3.500843048095703,3.613775968551636,3.613775968551636,1.3269305229187012,2.117443084716797,2.851492166519165,2.879726886749268,0.2823233604431152,3.387916088104248,3.303217887878418,2.089214324951172,1.3269305229187012,2.6256322860717773,2.202141284942627,2.56916880607605,1.8351197242736816,1.157534122467041,2.230376005172729,3.613775968551636
model_133,74.87295269966125,2.7103304862976074,5.166572332382202,4.658383131027222,5.194807052612305,1.7221927642822266,3.754937648773194,4.263126850128174,4.319590330123901,0.1129329204559326,3.049123287200928,4.827779531478882,3.387916088104248,1.2704670429229736,1.6374945640563965,3.839635848999024,3.2749831676483154,1.1575400829315186,2.2868454456329346,1.778656244277954,2.5974035263061523
model_134,83.45567584037781,3.0208945274353027,6.832301616668701,5.844157934188843,6.521737575531006,2.9361963272094727,4.799550771713257,5.674761533737183,6.578207015991211,3.0773580074310303,4.912477731704712,5.47713041305542,5.928856134414673,3.613775968551636,5.618298053741455,5.787694454193115,7.396954298019409,4.997175931930542,5.194807052612305,5.64652681350708,7.255786657333374
model_135,80.46301603317261,5.166572332382202,8.836817741394043,9.65556502342224,9.203839302062988,5.166572332382202,9.96612310409546,9.909653663635254,8.667421340942383,5.22303581237793,8.80858302116394,9.768491983413696,6.860530376434326,5.335968732833862,8.243930339813232,8.272165060043335,6.324112415313721,7.086390256881714,7.622814178466797,6.578207015991211,6.211179494857788
model_136,84.58498120307922,5.533599853515625,9.373235702514648,7.820439338684082,6.804066896438599,4.658383131027222,8.328628540039062,8.9779794216156,6.549972295761108,3.613775968551636,8.074533939361572,8.695656061172485,7.622814178466797,5.81592321395874,7.481652498245239,8.752119541168213,8.102768659591675,5.5900633335113525,7.989835739135742,8.131003379821777,8.30039381980896
model_137,83.31451416015625,4.009038209915161,7.792210578918457,6.7193686962127686,5.957090854644775,3.5008490085601807,7.594579458236694,7.086396217346191,5.90062141418457,2.6821017265319824,7.001698017120361,5.872392654418945,4.856014251708984,4.432529211044312,7.763975858688354,6.691139936447144,6.549972295761108,4.856014251708984,7.199323177337647,7.142859697341919,7.1710944175720215
model_138,68.52061152458191,1.2422382831573486,1.016378402709961,0.3105580806732178,-0.564652681350708,-0.959908962249756,-0.9316742420196532,0.4799544811248779,-0.7622778415679932,-0.564652681350708,-1.3269305229187012,0.7622838020324707,-0.6775796413421631,-1.072835922241211,-0.592881441116333,-0.1411616802215576,1.044607162475586,-0.3670215606689453,-0.1411616802215576,-1.242232322692871,1.4116346836090088
model_139,84.92377400398254,4.517221450805664,7.933372259140015,6.832301616668701,6.888765096664429,4.150199890136719,8.243930339813232,6.380575895309448,6.832301616668701,4.658389091491699,8.187466859817505,7.058161497116089,7.509881258010864,4.432523250579834,7.058161497116089,7.82044529914856,8.80858302116394,5.5053651332855225,7.255792617797852,7.876908779144287,8.187466859817505
model_140,84.66967940330505,4.065501689910889,6.916999816894531,5.9853196144104,6.549972295761108,3.783172369003296,6.493508815765381,6.437045335769653,7.312256097793579,3.783172369003296,6.1547160148620605,6.606435775756836,7.538115978240967,4.4607579708099365,6.295877695083618,6.916999816894531,8.215701580047607,5.64652681350708,5.90062141418457,6.6346704959869385,8.328628540039062
model_141,69.14172768592834,0.5928874015808105,2.795028686523437,3.303217887878418,2.428007125854492,-0.0282347202301025,2.343308925628662,2.343308925628662,2.795028686523437,1.3269364833831787,2.0609796047210693,2.82326340675354,2.48447060585022,1.6374945640563965,1.919817924499512,2.3715436458587646,2.65386700630188,3.2749831676483154,1.7504215240478516,1.778656244277954,3.726708889007568
model_142,81.98757767677307,3.557312488555908,4.4889867305755615,4.799550771713257,5.420666933059692,2.9926598072052,4.291361570358276,4.517221450805664,4.997175931930542,2.9926598072052,4.234898090362549,5.81592321395874,5.448901653289795,3.6420106887817374,4.4042885303497314,5.448901653289795,4.347825050354004,3.726708889007568,4.121965169906616,4.658383131027222,4.940712451934815
model_143,81.08413219451904,4.009032249450684,8.21569561958313,6.1829447746276855,6.7193686962127686,3.387916088104248,8.63918662071228,5.872386693954468,6.916993856430054,3.472614288330078,7.7922046184539795,5.957084894180298,6.832295656204224,3.783172369003296,6.493502855300903,7.566344738006592,6.916993856430054,4.263126850128174,5.533593893051148,5.872386693954468,5.73122501373291
model_144,66.20553135871887,-0.1129329204559326,0.1693964004516601,1.4116287231445312,0.3105580806732178,0.08469820022583,0.3387868404388428,0.3387868404388428,0.0,0.3105580806732178,0.6211161613464355,0.2258598804473877,-0.4517257213592529,1.1857688426971436,0.4234850406646728,0.6211161613464355,-0.7622838020324707,1.1010706424713137,0.3952562808990478,-0.3952562808990478,1.1857688426971436
model_145,84.44381952285767,8.441561460494995,13.04348111152649,12.05533742904663,11.9706392288208,9.14737582206726,11.80124282836914,11.293059587478638,11.942410469055176,8.131003379821777,11.773014068603516,11.321288347244264,10.784870386123655,9.203839302062988,12.394130229949951,11.744779348373411,10.982495546340942,9.514403343200684,11.151891946792604,10.869568586349487,11.321288347244264
model_146,84.38735008239746,4.4042885303497314,5.5053651332855225,4.940712451934815,6.6346704959869385,4.065495729446411,4.940712451934815,6.606435775756836,7.227551937103271,4.234892129898071,5.5053651332855225,6.7193686962127686,7.735741138458252,4.686617851257324,5.872386693954468,7.284021377563477,8.610951900482178,6.465274095535278,4.997175931930542,7.001692056655884,8.04629921913147
model_147,84.66967940330505,10.671937465667725,15.076231956481934,13.805758953094482,14.652740955352783,9.514397382736206,14.059853553771973,13.890457153320312,13.325804471969604,9.429699182510376,13.38227391242981,13.692831993103027,13.325804471969604,11.010730266571043,14.172786474227903,14.003390073776243,11.829477548599243,10.756635665893556,14.257484674453735,12.14003562927246,12.874084711074827
model_148,82.100510597229,2.879732847213745,5.448901653289795,5.166572332382202,5.392438173294067,1.750427484512329,5.053645372390747,4.99718189239502,4.940712451934815,1.044607162475586,4.150199890136719,5.674761533737183,4.827785491943359,1.8351256847381592,3.839641809463501,4.827785491943359,4.234898090362549,3.8114070892333984,3.529083728790283,3.924340009689331,5.279505252838135
model_149,86.98475360870361,13.890457153320312,19.536983966827396,18.01242232322693,17.75832772254944,13.975155353546144,19.000566005706787,18.09712052345276,16.798418760299683,13.52342963218689,18.464142084121704,17.137211561203003,16.177302598953247,14.991527795791626,17.9559588432312,15.894973278045654,15.10446071624756,15.44325351715088,17.899489402770996,15.951436758041382,16.43139123916626
model_150,65.18915891647339,-0.8469760417938232,-0.2823233604431152,0.0564634799957275,-1.4116287231445312,0.7340490818023682,0.3387928009033203,-1.5810251235961914,-2.540940046310425,-1.524561643600464,-1.8068909645080569,0.0,-0.1976311206817627,-1.2987017631530762,-1.778656244277954,-0.1129329204559326,-1.4398634433746338,-0.4234910011291504,-0.5364179611206055,-0.8469760417938232,-0.2258598804473877
model_151,71.11801505088806,1.9198238849639893,3.472614288330078,3.896105289459229,4.037266969680786,0.1411676406860351,1.665729284286499,2.82326340675354,3.896105289459229,-0.3387868404388428,2.258610725402832,3.2467544078826904,1.750427484512329,-1.0163724422454834,0.9599149227142334,2.00452208518982,1.101076602935791,0.5081892013549805,0.8469820022583008,0.8469820022583008,0.8469820022583008
model_152,72.69904017448425,0.8187472820281982,4.432523250579834,4.376059770584106,4.234898090362549,-0.2823233604431152,2.3997724056243896,3.3314526081085205,4.121965169906616,-1.496326923370361,2.0609796047210693,3.670245409011841,1.6657233238220217,-0.3952562808990478,1.044607162475586,2.089214324951172,1.044607162475586,0.5081892013549805,-0.3952562808990478,0.564652681350708,1.3833999633789062
model_153,75.18351078033447,1.214003562927246,3.218519687652588,3.133821487426758,3.049123287200928,0.4517197608947754,2.230376005172729,2.1174490451812744,2.7667999267578125,-0.1411616802215576,3.020888566970825,2.56916880607605,1.5527963638305664,1.072835922241211,1.609259843826294,1.496326923370361,1.8351197242736816,1.863354444503784,1.214003562927246,0.7340490818023682,1.496326923370361
model_154,74.64709281921387,2.3715436458587646,3.783172369003296,3.867870569229126,4.488992691040039,0.564652681350708,2.82326340675354,3.4161508083343506,3.896105289459229,-0.2823233604431152,2.56916880607605,3.783172369003296,2.2868454456329346,0.3387928009033203,2.230381965637207,2.795034646987915,1.4116346836090088,1.2704670429229736,0.6493508815765381,1.665729284286499,2.004516124725342
model_155,68.94409656524658,-0.1976311206817627,-1.2987017631530762,-0.3670275211334228,-1.5245676040649414,-0.7340490818023682,-1.0728418827056885,-1.185774803161621,-1.581031084060669,-0.7058203220367432,-0.7622838020324707,-0.8752167224884033,-2.230381965637207,-0.564652681350708,-1.185774803161621,-0.3952622413635254,-1.0446131229400637,-0.4799604415893554,-0.2540946006774902,-2.0892202854156494,-0.056469440460205
model_156,80.54771423339844,2.6821017265319824,3.896105289459229,3.9808034896850586,4.037266969680786,1.581031084060669,3.1620562076568604,3.896105289459229,4.121965169906616,2.230381965637207,4.065501689910889,4.884248971939087,3.105592727661133,3.613775968551636,3.557312488555908,4.009038209915161,3.5008490085601807,3.303217887878418,3.2467544078826904,3.726708889007568,4.686617851257324
model_157,80.01129031181335,2.9644250869750977,6.465268135070801,5.533593893051148,5.73122501373291,2.230376005172729,5.30773401260376,5.39243221282959,5.025404691696167,1.778656244277954,5.166572332382202,5.928850173950195,5.110102891921997,1.9762814044952397,3.9243340492248535,4.96894121170044,4.884243011474609,2.90796160697937,3.557312488555908,4.009032249450684,5.166572332382202
model_158,74.53415989875793,0.8469760417938232,3.472614288330078,2.766793966293335,2.82326340675354,-0.6775856018066406,1.806885004043579,2.0327508449554443,2.6821017265319824,-1.4963328838348389,1.072835922241211,3.218519687652588,1.609259843826294,-0.3387928009033203,0.5081832408905029,1.9480526447296145,1.072835922241211,1.072835922241211,0.0564634799957275,0.564652681350708,1.3833999633789062
model_159,83.17334651947021,4.291361570358276,7.905137538909912,7.763975858688354,8.074533939361572,2.343308925628662,7.481646537780762,7.453411817550659,6.606435775756836,1.863354444503784,6.973457336425781,7.340484857559204,6.239408254623413,3.444379568099976,6.465274095535278,7.058155536651611,6.465274095535278,4.009032249450684,5.81592321395874,4.658383131027222,7.058155536651611
model_160,81.5358579158783,2.2868454456329346,5.166572332382202,5.166572332382202,4.968947172164917,1.8351256847381592,5.0254106521606445,4.799550771713257,5.251270532608032,1.5527963638305664,4.714852571487427,4.99718189239502,4.037266969680786,1.863354444503784,3.783178329467773,4.319596290588379,5.110108852386475,3.472614288330078,4.178434610366821,4.686617851257324,4.545456171035767
model_161,72.84020185470581,1.242232322692871,4.376059770584106,3.3314526081085205,4.517221450805664,2.286839485168457,3.613775968551636,4.517221450805664,4.714846611022949,2.7667999267578125,4.319590330123901,3.6702394485473633,3.359681367874145,3.1620562076568604,3.557312488555908,5.110102891921997,4.121965169906616,4.573684930801392,4.4607579708099365,3.472614288330078,4.601919651031494
model_162,59.62733030319214,-0.3105580806732178,0.7905125617980957,-0.6211161613464355,-0.6775796413421631,0.3670275211334228,-0.5364179611206055,-0.7340490818023682,-1.2704670429229736,-0.2540946006774902,0.1976311206817627,-0.1411616802215576,-1.6374945640563965,-0.3670215606689453,-0.2258598804473877,1.524561643600464,-0.028228759765625,0.3105580806732178,0.0,-1.0163724422454834,0.2258598804473877
model_163,54.263126850128174,-0.1129329204559326,2.0327508449554443,2.31507420539856,3.1055867671966557,0.0564634799957275,1.5810251235961914,2.90796160697937,1.8351197242736816,-1.4680981636047363,0.7058143615722656,0.9034454822540284,0.6211161613464355,-2.428007125854492,-0.1411616802215576,-0.6493508815765381,1.1010706424713137,-0.536423921585083,0.8469760417938232,0.5081832408905029,-0.536423921585083
model_164,89.6668553352356,10.022586584091188,15.47148823738098,11.010730266571043,12.507057189941406,8.243930339813232,13.833993673324583,11.151891946792604,12.394130229949951,9.570866823196411,13.523435592651367,12.817615270614624,13.410502672195436,9.034442901611328,14.596271514892578,13.523435592651367,14.822137355804443,10.982495546340942,13.608133792877195,14.059853553771973,14.45510983467102
model_165,85.71428656578064,9.994351863861084,15.894973278045654,14.483344554901125,13.099944591522217,10.050821304321287,14.765667915344238,14.79390263557434,12.507057189941406,10.502541065216064,13.749295473098757,13.156408071517944,12.422358989715576,12.027102708816528,13.721060752868652,13.184642791748049,11.914175748825071,13.071709871292114,12.704688310623167,12.252962589263916,12.365895509719849
model_166,74.28006529808044,2.9926598072052,4.771316051483154,5.194801092147827,5.39243221282959,3.6702394485473633,4.178428649902344,5.110102891921997,4.714846611022949,3.6702394485473633,4.630148410797119,5.166572332382202,5.166572332382202,3.896099328994751,4.037266969680786,5.025404691696167,4.997175931930542,4.714846611022949,5.081874132156372,4.065495729446411,5.194801092147827
model_167,79.39017415046692,4.601919651031494,7.453417778015137,7.509881258010864,7.227551937103271,4.319590330123901,6.1547160148620605,7.566344738006592,6.945228576660156,4.121965169906616,5.6182920932769775,6.7193686962127686,5.533593893051148,5.533593893051148,6.098246574401856,7.114624977111816,6.098246574401856,5.533593893051148,6.070017814636231,5.844151973724365,6.804066896438599
model_168,85.20609736442566,5.90062141418457,8.328628540039062,9.203839302062988,8.780348300933838,4.376059770584106,7.368719577789307,8.610951900482178,7.651042938232422,4.347825050354004,6.775832176208496,9.345000982284546,7.566344738006592,6.239414215087891,7.058155536651611,8.074533939361572,8.272159099578857,6.521737575531006,7.058155536651611,7.538115978240967,8.46979022026062
model_169,84.35912132263184,4.545456171035767,8.89328122138977,6.380575895309448,6.7193686962127686,4.630154371261597,8.610957860946655,6.691139936447144,7.142859697341919,4.376059770584106,8.498024940490723,6.860530376434326,8.356863260269165,4.319596290588379,7.058161497116089,7.763975858688354,8.610957860946655,5.81592321395874,6.267648935317993,7.340484857559204,8.695656061172485
model_170,67.16544032096863,-0.4234910011291504,-1.8915891647338867,0.2258598804473877,-2.060985565185547,-0.8187472820281982,0.112926959991455,-0.8187472820281982,-1.3833999633789062,-0.4799604415893554,-1.101076602935791,-1.3551712036132812,-2.343308925628662,-0.7622838020324707,-1.439869403839111,-0.8187472820281982,-1.3833999633789062,-1.1293113231658936,-0.6211221218109131,-1.4963328838348389,-0.8752167224884033
model_171,80.4347813129425,2.879726886749268,6.662899255752564,5.533593893051148,5.39243221282959,2.31507420539856,6.013548374176025,5.081874132156372,6.211179494857788,2.343308925628662,5.64652681350708,5.110108852386475,4.658383131027222,2.65386700630188,5.5900633335113525,5.47713041305542,5.420666933059692,1.5810251235961914,4.658383131027222,4.376059770584106,4.686617851257324
model_172,79.84189987182617,3.3032238483428955,6.775838136672974,6.549972295761108,6.267648935317993,1.863354444503784,4.771316051483154,6.0417890548706055,5.787694454193115,0.9881436824798584,5.787694454193115,6.380575895309448,5.5053651332855225,1.665729284286499,5.561834573745728,4.601919651031494,4.940712451934815,2.428007125854492,4.093736410140991,4.4607579708099365,5.053645372390747
model_173,79.53133583068848,1.863354444503784,3.303217887878418,2.9644250869750977,3.5290777683258057,0.6493508815765381,1.722186803817749,2.73856520652771,2.682095766067505,0.7340490818023682,2.5126993656158447,3.6420106887817374,2.343308925628662,2.117443084716797,2.202141284942627,2.004516124725342,1.722186803817749,2.456235885620117,2.004516124725342,1.863354444503784,3.303217887878418
model_174,79.19254899024963,6.945228576660156,11.744779348373411,9.853190183639526,9.853190183639526,5.90062141418457,9.48616862297058,9.740263223648071,9.937888383865356,6.747603416442871,9.570866823196411,10.276681184768677,9.23207402229309,6.973463296890259,9.034448862075806,10.107284784317017,9.14737582206726,7.255792617797852,9.853190183639526,9.429705142974854,10.191982984542848
model_175,85.51665544509888,10.70016622543335,14.79390263557434,14.1163170337677,13.579899072647097,9.203839302062988,13.918685913085938,13.890457153320312,12.987011671066284,9.514397382736206,14.1163170337677,12.61998414993286,12.704682350158691,10.728400945663452,13.297569751739502,12.422358989715576,12.083566188812256,10.813099145889282,13.18463683128357,11.80124282836914,12.478822469711304
model_176,85.74252128601074,7.961606979370117,11.293059587478638,11.490684747695925,11.490684747695925,7.368719577789307,9.853196144104004,11.236590147018433,9.881424903869627,6.578207015991211,10.502541065216064,11.264824867248535,11.095428466796877,7.90514349937439,10.954266786575316,10.869568586349487,11.180126667022703,8.921515941619873,10.869568586349487,10.671937465667725,11.71654462814331
model_177,77.63975262641907,2.6821017265319824,7.396954298019409,7.284021377563477,7.453417778015137,1.8068909645080569,5.81592321395874,6.380575895309448,6.578207015991211,1.6374945640563965,5.64652681350708,5.56182861328125,5.166572332382202,2.8514981269836426,4.404294490814209,5.251270532608032,3.670245409011841,3.1620562076568604,3.6420106887817374,3.726708889007568,4.545456171035767
model_178,82.46753215789795,8.21569561958313,12.30943202972412,11.03895902633667,10.474306344985962,6.437039375305176,9.824955463409424,10.304909944534302,9.542632102966309,6.324112415313721,10.276681184768677,10.615473985671995,10.191982984542848,7.651042938232422,10.276681184768677,10.163748264312744,9.203839302062988,7.538115978240967,10.079050064086914,9.45793390274048,10.304909944534302
model_179,77.52681970596313,2.73856520652771,8.074533939361572,8.80858302116394,7.481646537780762,3.387916088104248,7.396948337554932,7.396948337554932,6.775832176208496,2.9644250869750977,6.888759136199951,7.396948337554932,5.081874132156372,3.416144847869873,6.465274095535278,6.267642974853516,5.110108852386475,4.799544811248779,6.070017814636231,4.940712451934815,4.347825050354004
model_180,67.30660796165466,0.3105580806732178,2.5127053260803223,1.665729284286499,2.004516124725342,0.7905125617980957,1.4116346836090088,1.8915891647338867,2.428007125854492,1.214003562927246,2.73856520652771,3.0208945274353027,1.778656244277954,0.9316802024841307,0.9034454822540284,2.343308925628662,1.6374945640563965,3.444385528564453,2.2021472454071045,2.230381965637207,1.693958044052124
model_181,81.05590343475342,5.0254106521606445,10.248452425003052,9.712028503417969,7.98984169960022,5.053645372390747,9.31677222251892,8.582723140716553,7.876908779144287,4.545456171035767,8.526259660720825,8.780354261398315,5.928856134414673,5.364203453063965,7.425189018249512,7.594579458236694,6.352347135543823,6.973463296890259,7.566350698471069,7.086396217346191,5.618298053741455
model_182,84.16149020195007,3.8114070892333984,8.38509202003479,6.408810615539551,6.041783094406128,3.867870569229126,7.312250137329102,6.973463296890259,6.916993856430054,3.472614288330078,7.227551937103271,7.199323177337647,6.6346704959869385,3.218519687652588,6.324112415313721,6.916993856430054,7.481646537780762,4.799550771713257,6.239414215087891,5.73122501373291,6.973463296890259
model_183,87.4929428100586,11.151891946792604,16.85488224029541,14.991533756256104,15.27385711669922,11.744779348373411,16.770190000534058,15.189158916473389,15.44325351715088,11.660081148147585,16.346698999404907,15.556186437606812,13.692831993103027,13.071709871292114,16.12083911895752,14.088088274002075,13.777530193328856,13.382267951965332,14.935064315795898,13.94692063331604,14.398646354675291
model_184,70.83568572998047,0.8752107620239258,3.1055867671966557,3.5855472087860107,3.218519687652588,1.2987017631530762,2.173912525177002,3.557312488555908,4.206663370132446,1.6374945640563965,2.173912525177002,3.754937648773194,3.726708889007568,1.8351197242736816,2.90796160697937,4.093730449676514,2.7103304862976074,3.3314526081085205,3.0773580074310303,2.1174490451812744,4.630154371261597
model_185,73.1225311756134,1.609259843826294,5.0254106521606445,4.827779531478882,3.924340009689331,1.044607162475586,4.432523250579834,4.234898090362549,3.5855472087860107,-0.4517197608947754,3.1620562076568604,3.133821487426758,2.56916880607605,1.2987017631530762,2.6821017265319824,3.839641809463501,3.105592727661133,0.6211221218109131,2.343308925628662,1.2987017631530762,2.230381965637207
model_186,83.31451416015625,3.5008490085601807,9.090912342071531,8.272165060043335,6.662905216217041,2.0892202854156494,8.328628540039062,7.763975858688354,7.142859697341919,2.4844765663146973,7.255792617797852,6.888765096664429,5.279505252838135,3.218525648117065,7.142859697341919,7.086396217346191,6.945228576660156,4.404294490814209,6.295877695083618,5.335968732833862,6.465274095535278
model_187,74.19536709785461,2.089214324951172,5.110102891921997,5.590057373046875,4.856008291244507,2.936190366744995,3.585541248321533,5.73122501373291,6.126481294631958,2.82326340675354,5.081874132156372,6.691133975982666,5.928850173950195,3.1902849674224854,3.387916088104248,5.47713041305542,4.827779531478882,4.206657409667969,5.420660972595215,3.754937648773194,4.658383131027222
model_188,77.83737778663635,2.032744884490967,3.0773580074310303,3.6420106887817374,3.1902849674224854,0.7622778415679932,2.173912525177002,1.806885004043579,3.162050247192383,0.8752107620239258,2.31507420539856,2.428007125854492,1.3269305229187012,1.806885004043579,1.609259843826294,2.90796160697937,2.371537685394287,2.56916880607605,0.4234850406646728,2.597397565841675,2.879726886749268
model_189,78.57142686843872,6.239408254623413,10.756635665893556,9.909653663635254,9.909653663635254,4.121965169906616,8.582717180252075,9.260302782058716,9.345000982284546,4.827779531478882,7.848674058914185,8.752113580703735,8.102762699127197,6.380575895309448,7.255786657333374,7.651042938232422,6.7193686962127686,5.5053651332855225,6.860530376434326,6.916993856430054,7.199323177337647
model_190,87.35178112983704,9.8249614238739,15.27385711669922,14.935070276260376,14.568042755126951,9.994357824325562,13.918691873550417,14.765673875808716,15.019762516021729,8.72388482093811,13.664597272872925,14.003390073776243,13.38227391242981,10.276681184768677,13.29757571220398,14.031624794006348,14.172786474227903,11.88594102859497,13.241106271743774,12.61999011039734,12.591761350631714
model_191,65.89497327804565,1.1857688426971436,1.3269305229187012,1.778656244277954,1.8915832042694087,0.9316742420196532,1.072835922241211,1.9480526447296145,2.173912525177002,1.6657233238220217,1.9762814044952397,1.157534122467041,0.4234910011291504,0.7622778415679932,0.959908962249756,1.722186803817749,0.2823233604431152,0.959908962249756,1.8351197242736816,-0.1976311206817627,1.072835922241211
model_192,81.5358579158783,2.3715436458587646,4.3478310108184814,4.037266969680786,4.827785491943359,2.428007125854492,3.5855472087860107,4.968947172164917,5.646532773971558,2.569174766540528,4.432529211044312,5.364203453063965,6.098252534866333,2.5974035263061523,3.1620562076568604,5.5053651332855225,6.1547160148620605,4.743087291717529,3.133827447891236,4.743087291717529,6.380575895309448
model_193,73.46132397651672,0.4234910011291504,3.1620562076568604,3.133827447891236,4.093736410140991,-0.7340431213378906,1.778656244277954,2.5974035263061523,2.795034646987915,-0.8469760417938232,1.1575400829315186,2.1739184856414795,0.8187472820281982,-0.4799544811248779,0.9599149227142334,1.2987017631530762,0.7340490818023682,0.564652681350708,0.1129329204559326,1.214003562927246,1.4116346836090088
model_194,69.53698396682739,0.7622778415679932,4.517221450805664,5.759459733963013,4.856014251708984,0.7058143615722656,3.698474168777466,3.896105289459229,5.194807052612305,-0.2258598804473877,2.6821017265319824,3.726708889007568,2.48447060585022,1.129305362701416,1.242232322692871,2.9644250869750977,2.56916880607605,1.3269305229187012,1.8915832042694087,0.08469820022583,0.8752107620239258
model_195,80.99943399429321,2.7103304862976074,5.0254106521606445,5.22303581237793,3.9243340492248535,1.863354444503784,3.0773580074310303,3.387916088104248,3.5290777683258057,2.5409340858459477,2.795028686523437,3.980797529220581,3.783172369003296,3.472614288330078,2.7103304862976074,3.9243340492248535,4.009032249450684,3.2749831676483154,3.020888566970825,3.6702394485473633,4.714846611022949
model_196,82.77809023857117,3.698474168777466,8.328628540039062,5.90062141418457,6.324112415313721,5.30773401260376,7.142853736877441,5.90062141418457,5.9853196144104,3.0773580074310303,6.408804655075073,5.928850173950195,6.013548374176025,4.376059770584106,5.251270532608032,6.945228576660156,7.142853736877441,4.121965169906616,6.380575895309448,5.90062141418457,6.211179494857788
model_197,84.33088660240173,7.086390256881714,11.9706392288208,10.95426082611084,10.276681184768677,6.888765096664429,11.54714822769165,11.942404508590698,11.349523067474363,6.578207015991211,10.559004545211792,11.20835542678833,9.712028503417969,7.368719577789307,9.881424903869627,10.022586584091188,10.13551950454712,8.356863260269165,10.389608144760132,9.006214141845703,10.107284784317017
model_198,76.03049278259277,3.1620562076568604,5.533599853515625,5.335968732833862,6.1547160148620605,1.7221927642822266,5.787694454193115,5.9853196144104,6.352347135543823,1.3833999633789062,4.545456171035767,6.070017814636231,4.799550771713257,2.879732847213745,3.783172369003296,5.39243221282959,4.376059770584106,2.5127053260803223,4.037266969680786,4.178434610366821,4.206663370132446
model_199,61.57538294792175,1.1575400829315186,1.4398634433746338,0.4799544811248779,0.7622838020324707,2.4562418460845947,1.3551712036132812,1.101076602935791,-0.028228759765625,0.2823293209075928,1.1575400829315186,1.665729284286499,1.4398634433746338,0.9881436824798584,1.524561643600464,2.089214324951172,0.7622838020324707,1.8351256847381592,2.399778366088867,0.7905185222625732,1.6374945640563965
model_200,86.75889372825623,9.429699182510376,11.914175748825071,11.998873949050903,11.914175748825071,8.89328122138977,11.20835542678833,11.349523067474363,11.010730266571043,8.413326740264893,10.813099145889282,12.111800909042358,12.111800909042358,9.7967267036438,11.998873949050903,12.30943202972412,11.914175748825071,10.22021770477295,12.168264389038086,11.688309907913208,12.196499109268188
